time_s,orr,channel_busy_ratio_avg,mec_dl_busy_ratio,v2v_radio_loss_rate,mec_update_failure_rate,mec_valid_update_success_rate,mec_aoi_violation_rate_200ms,mec_aoi_violation_rate_500ms,mec_aoi_p99_ms,nr_rmr_deleted_total,nr_cpm_size_bytes_total,receiver_rl_mean,receiver_rl_ge1_rate,receiver_rl_ge2_rate,receiver_rv_delooz_mean
1,N/A,0,0.0795862,N/A,N/A,0,0,0,0,3875,71549,N/A,0,0,N/A
2,N/A,0,0.0884291,N/A,N/A,0,0,0,0,3875,866231,N/A,0,0,N/A
3,18.8128,0.912136,0.0884291,100,N/A,0,0,0,0,3875,1462884,0.186114,18.6114,0,0.0938603
4,47.1324,0.865206,0.925484,90.7838,N/A,0,75.2573,0,284,10510,1556428,6.21617,46.94,30.8455,0.387603
5,63.0688,0.832718,0.900047,83.5876,91.8079,8.19212,61.4451,0,282,13744,1610430,5.14876,49.7631,34.2264,0.419022
6,72.3016,0.822961,0.847999,79.5513,57.7687,42.2313,58.8351,0,280,15758,1651456,4.25805,46.6427,31.3128,0.389274
7,77.8413,0.816348,0.808662,76.6797,52.5929,47.4071,53.7173,0,279,17139,1684266,3.65189,43.5415,28.0681,0.358066
8,81.5344,0.798821,0.745573,74.0711,41.2792,58.7208,45.7812,0,277,18166,1705462,3.20842,40.7563,25.5399,0.332076
9,84.17,0.81608,0.736031,72.3489,39.9833,60.0167,42.1615,0,276,18950,1728774,2.83958,37.9677,22.9752,0.305848
10,86.1487,0.810571,0.702155,70.4842,34.0694,65.9306,41.2957,0,275,19672,1748286,2.57999,35.8986,21.1731,0.287094
11,87.6878,0.821303,0.687852,69.334,33.4395,66.5605,39.9699,0,274,20316,1765122,2.36041,33.9916,19.6228,0.270027
12,88.919,0.808599,0.647075,68.4709,32.2292,67.7708,38.1862,0,273,20786,1782746,2.17405,32.2869,18.1549,0.254724
13,89.9264,0.817295,0.630907,67.6093,30.9461,69.0539,36.7476,0,273,21192,1799528,2.02128,30.7588,16.9305,0.241443
14,90.7658,0.820616,0.59684,66.8493,28.3647,71.6353,35.9859,0,272,21522,1815272,1.89718,29.3737,15.9105,0.229645
15,91.4762,0.821829,0.558626,65.9042,26.4838,73.5162,34.3528,0,271,21839,1828468,1.7939,28.2656,15.0986,0.220389
16,92.085,0.822038,0.53297,65.3413,24.9716,75.0284,32.8375,0,270,22106,1840608,1.69981,27.0927,14.2845,0.210648
17,92.6127,0.838037,0.492402,64.6565,23.5081,76.4919,32.5001,0,270,22417,1851260,1.61716,26.0855,13.5917,0.20239
18,93.0744,0.840382,0.529141,64.0624,22.509,77.491,31.9012,0,269,22646,1867058,1.54368,25.102,12.9548,0.194473
19,93.4818,0.842214,0.479158,63.3263,21.6077,78.3923,31.056,0,269,22951,1878304,1.48434,24.2931,12.4988,0.188339
20,93.8439,0.848722,0.496394,62.6196,20.7105,79.2895,31.0425,0,268,23171,1894674,1.42736,23.4939,12.0233,0.182192
21,94.1679,0.85825,0.48704,61.9358,20.0507,79.9493,30.392,0,268,23410,1909836,1.37884,22.7798,11.656,0.177009
22,94.4595,0.856063,0.406575,61.2048,19.3069,80.6931,29.2534,0,267,23739,1919066,1.33617,22.0943,11.3247,0.172131
23,94.7233,0.859573,0.406692,60.6076,18.6131,81.3869,28.6733,0,267,24015,1929122,1.29309,21.3747,10.9534,0.166804
24,94.9632,0.873522,0.423034,60.1062,18.0478,81.9522,27.7682,0,266,24216,1941062,1.25323,20.6958,10.6049,0.161753
25,95.1822,0.87466,0.414078,59.5897,17.486,82.514,27.1173,0,266,24401,1952374,1.21744,20.1239,10.2982,0.157515
26,95.3829,0.880964,0.363306,58.9477,17.022,82.978,26.4647,0,265,24616,1961240,1.18503,19.5985,10.0422,0.153662
27,95.5676,0.882693,0.399055,58.4499,16.5809,83.4191,26.2562,0,265,24755,1973478,1.15356,19.0588,9.7656,0.149577
28,95.614,0.893259,0.396109,57.8797,17.1645,82.8355,25.9643,0,264,24879,1985418,1.12516,18.606,9.52479,0.146176
29,95.7765,0.897041,0.385326,57.2878,16.7766,83.2234,25.9218,0,264,25019,1996598,1.09842,18.1693,9.29697,0.142881
30,95.9268,0.900086,0.375294,56.7248,16.4377,83.5623,25.5246,0,263,25159,2007282,1.07354,17.772,9.0942,0.139886
31,96.0661,0.894618,0.359337,56.2687,16.0784,83.9216,25.0915,0,263,25281,2016810,1.04954,17.3725,8.8876,0.13684
32,96.1927,0.907107,0.341372,55.8385,16.1897,83.8103,24.8909,0,263,25402,2025610,1.02641,16.9788,8.68434,0.133829
33,96.3155,0.909441,0.395425,55.4788,16.232,83.768,24.6846,0,262,25562,2038466,1.00406,16.5979,8.48954,0.130889
34,96.4307,0.902164,0.427878,55.0204,15.8949,84.1051,24.4481,0,262,25850,2054945,0.983008,16.2626,8.30641,0.128301
35,96.5388,0.908984,0.437033,54.5662,15.5734,84.4266,24.0492,0,261,26344,2071621,0.96297,15.9556,8.13527,0.125989
36,96.6406,0.913936,0.451955,54.0705,15.2587,84.7413,23.8573,0,261,26972,2090703,0.943291,15.6413,7.95998,0.123643
37,96.7359,0.915415,0.482028,53.7268,15.0031,84.9969,23.5888,0,261,27862,2111189,0.923964,15.338,7.78749,0.12135
38,96.8266,0.915674,0.516649,53.3003,14.848,85.152,23.3703,0,260,28992,2137171,0.905248,15.0394,7.6201,0.119187
39,96.9124,0.91698,0.550064,53.1006,14.5854,85.4146,23.1405,0,260,30684,2169453,0.887321,14.7726,7.45886,0.117277
40,96.9936,0.921449,0.573272,52.836,14.4496,85.5504,23.0812,0,259,32870,2205962,0.870594,14.5443,7.31685,0.115785
41,97.0701,0.919851,0.616884,52.6006,14.1866,85.8134,22.8479,0,259,35386,2250656,0.854509,14.3425,7.18331,0.114461
42,97.1431,0.919322,0.632833,52.4512,13.9297,86.0703,22.6853,0,258,38264,2298412,0.839625,14.1911,7.06585,0.113582
43,97.2126,0.920328,0.665326,52.5609,13.6609,86.3391,22.5577,0,258,41646,2344758,0.824577,14.0136,6.93949,0.112546
44,97.279,0.924604,0.687303,52.6765,13.3762,86.6238,22.5624,0,257,45134,2397969,0.809916,13.853,6.80985,0.111575
45,97.2744,0.922062,0.724487,52.8961,14.2825,85.7175,22.4125,0,256,48833,2461850,0.795649,13.6957,6.68644,0.110688
46,97.3364,0.920693,0.740358,53.236,13.9991,86.0009,22.3081,0,256,53183,2528318,0.782632,13.5814,6.57463,0.1102
47,97.3956,0.922178,0.755776,53.565,13.7538,86.2462,22.2189,0,255,58047,2597344,0.770107,13.4871,6.46435,0.109875
48,97.4522,0.92498,0.784098,54.001,13.6008,86.3992,22.2003,0,255,63244,2682330,0.757747,13.3758,6.35743,0.109457
49,97.5064,0.922967,0.845214,54.5314,13.3176,86.6824,22.614,0,255,68831,2777361,0.746926,13.3384,6.27713,0.109606
50,97.5582,0.923671,0.83977,55.189,13.7572,86.2428,22.5491,0,254,75529,2856455,0.736931,13.334,6.1972,0.110062
51,97.608,0.922948,0.870066,55.7181,13.4892,86.5108,22.8868,0,254,82439,2952294,0.725659,13.2524,6.08696,0.109816
52,97.6554,0.92511,0.898421,56.4005,14.087,85.913,23.3196,0,255,89826,3057489,0.715804,13.2051,6.00739,0.10995
53,97.6738,0.92245,0.874365,57.0178,15.3443,84.6557,23.9481,0,255,97783,3155092,0.707327,13.2168,5.93686,0.110559
54,97.718,0.923188,0.911333,57.5283,15.7604,84.2396,24.4375,0,254,105332,3256804,0.698384,13.1986,5.86211,0.110814
55,97.761,0.925425,0.87755,57.959,16.171,83.829,24.5674,0,254,112580,3359885,0.690631,13.2028,5.80838,0.111349
56,97.8023,0.924478,0.86584,58.3619,15.9113,84.0887,24.6804,0,254,119711,3467085,0.683143,13.2133,5.75254,0.111839
57,97.8411,0.923792,0.878177,58.7931,16.3448,83.6552,24.9988,0,254,126996,3571472,0.675967,13.2124,5.69861,0.112217
58,97.8795,0.923619,0.853302,59.1676,16.2504,83.7496,25.2535,0,254,134528,3666541,0.669578,13.2248,5.65958,0.112712
59,97.9149,0.92428,0.841329,59.4253,16.7082,83.2918,25.2968,0,253,141824,3766676,0.663514,13.2423,5.61111,0.113215
60,97.9468,0.923758,0.83073,59.5878,17.141,82.859,25.2257,0,253,148873,3868984,0.658527,13.2827,5.59,0.1139
61,97.9816,0.923958,0.772766,59.7187,16.8726,83.1274,25.3957,0,253,155747,3953208,0.653893,13.338,5.57434,0.11465
62,98.0153,0.924478,0.757323,59.866,16.6451,83.3549,25.3765,0,253,161871,4040446,0.648015,13.2987,5.5367,0.114618
63,98.0462,0.922936,0.740224,59.959,16.7979,83.2021,25.6321,0,253,167360,4114170,0.643224,13.3069,5.51576,0.114951
64,98.0774,0.921176,0.690687,59.9547,16.8383,83.1617,25.7856,0,253,172323,4184412,0.638124,13.287,5.4877,0.115031
65,98.1079,0.915365,0.674715,59.9673,16.9009,83.0991,25.8445,0,253,176878,4252396,0.632761,13.2467,5.44269,0.114865
66,98.1085,0.92117,0.634395,59.9242,17.1796,82.8204,25.857,0,253,181162,4309772,0.627712,13.2069,5.40749,0.11471
67,98.1376,0.919366,0.642899,59.7867,17.1181,82.8819,25.7467,0,252,184896,4366736,0.622922,13.1756,5.36715,0.114593
68,98.1658,0.920303,0.603135,59.7043,16.9467,83.0533,25.8158,0,252,188216,4419850,0.618328,13.1375,5.3288,0.114416
69,98.1848,0.919965,0.568679,59.5899,17.0607,82.9393,25.778,0,252,191039,4469618,0.613956,13.1039,5.29795,0.114246
70,98.2111,0.914132,0.543205,59.5092,16.9086,83.0914,25.6228,0,252,193718,4512312,0.609427,13.0512,5.26653,0.113872
71,98.237,0.91405,0.510005,59.3604,16.7574,83.2426,25.5325,0,252,196070,4549479,0.605039,12.9957,5.23026,0.113501
72,98.2619,0.911692,0.470519,59.1968,16.613,83.387,25.4199,0,252,197851,4576475,0.600617,12.9341,5.19386,0.113038
73,98.2853,0.908751,0.440296,59.0225,16.6322,83.3678,25.2725,0,251,199031,4601017,0.595972,12.8554,5.14936,0.112402
74,98.3091,0.904639,0.416324,58.8376,16.5091,83.4909,25.0783,0,251,199737,4619304,0.591376,12.7696,5.10725,0.111706
75,98.3323,0.89989,0.396071,58.6549,16.3691,83.6309,24.8864,0,251,200085,4638009,0.586885,12.6822,5.06752,0.110991
76,98.3548,0.896768,0.345233,58.4514,16.2371,83.7629,24.7512,0,251,200308,4649007,0.582572,12.6031,5.02834,0.110312
77,98.3766,0.897643,0.311352,58.3125,16.1264,83.8736,24.6819,0,251,200434,4658435,0.578022,12.5026,4.98701,0.109461
78,98.3979,0.89241,0.302456,58.1908,16.0138,83.9862,24.6246,0,251,200474,4667863,0.573564,12.4041,4.94717,0.108611
79,98.2667,0.892422,0.300289,58.0709,16.2101,83.7899,24.5182,0,251,200504,4677225,0.569287,12.3093,4.9088,0.107798
80,98.2889,0.884421,0.299049,57.9531,16.0961,83.9039,24.3511,0,251,200524,4686653,0.565136,12.2186,4.87146,0.107013
81,98.3106,0.88656,0.286281,57.8355,15.9821,84.0179,24.2217,0,251,200554,4695453,0.561102,12.1313,4.83498,0.106257
82,98.3317,0.878281,0.283059,57.7244,15.8701,84.1299,24.0871,0,250,200584,4704253,0.557071,12.0412,4.79907,0.10548
83,98.3521,0.878009,0.282965,57.6139,15.7646,84.2354,23.9602,0,250,200614,4713053,0.553095,11.9524,4.7637,0.104716
84,98.3722,0.863133,0.282794,57.5041,15.6716,84.3284,23.8785,0,250,200641,4721853,0.549179,11.8651,4.72887,0.103962
85,98.3918,0.869488,0.291464,57.3949,15.5721,84.4279,23.8141,0,250,200661,4730983,0.545321,11.779,4.69457,0.10322
86,98.411,0.871562,0.301657,57.2837,15.4883,84.5117,23.6595,0,250,200669,4740775,0.541535,11.6948,4.66081,0.102496
87,98.4296,0.858968,0.284071,57.168,15.3901,84.6099,23.5534,0,250,200679,4749575,0.537849,11.6142,4.6276,0.101802
88,98.4477,0.857766,0.281794,57.0606,15.2985,84.7015,23.4927,0,250,200689,4758375,0.534169,11.5322,4.59491,0.101095
89,98.4653,0.85213,0.281693,56.9535,15.2941,84.7059,23.3366,0,250,200699,4767175,0.530548,11.4515,4.56274,0.100399
90,98.4827,0.843767,0.280919,56.8468,15.1981,84.8019,23.1789,0,250,200709,4775975,0.526985,11.372,4.53109,0.0997142
91,98.4995,0.843635,0.280872,56.7406,15.1001,84.8999,23.1211,0,250,200719,4784775,0.523478,11.2938,4.49993,0.09904
92,98.5158,0.850177,0.290753,56.6347,15.027,84.973,22.9813,0,249,200729,4794005,0.520027,11.2168,4.46926,0.0983763
93,98.5319,0.833923,0.29101,56.5257,14.9383,85.0617,22.9163,0,249,198980,4761880,0.516658,11.1422,4.43905,0.0977356
94,98.5476,0.834131,0.276681,56.4167,14.8646,85.1354,22.8055,0,249,197187,4712364,0.513418,11.0721,4.40966,0.0971308
95,98.5628,0.843965,0.271264,56.3148,14.7894,85.2106,22.7264,0,249,195334,4661869,0.510206,11.0004,4.38108,0.0965125
96,98.5774,0.825322,0.267436,56.2147,14.7039,85.2961,22.627,0,249,194530,4653719,0.507078,10.9305,4.35326,0.0959104
97,98.5917,0.834135,0.263147,56.1154,14.6242,85.3758,22.5705,0,249,192738,4619560,0.504004,10.8619,4.32592,0.0953187
98,98.6055,0.812142,0.260646,56.0173,14.5667,85.4333,22.5603,0,249,189440,4526074,0.500994,10.7947,4.29914,0.0947393
99,98.6187,0.824873,0.254073,55.9219,14.5044,85.4956,22.441,0,249,187294,4467518,0.498095,10.7299,4.27336,0.0941814
